Latitude,Longitude,Elevation,Grade(%)
44.4883,-108.04444,1164.3,0.974272786
44.48822,-108.04369,1163.6,1.372096347
44.48816,-108.04294,1164.6,1.741427366
44.48813,-108.04179,1184.8,2.081685178
44.48814,-108.04116,1185.7,2.392384073
44.48815,-108.04053,1187.9,2.673138374
44.48818,-108.04018,1189,2.923667235
44.48829,-108.03917,1191,3.143799162
44.48844,-108.03823,1193.4,3.333476207
44.48855,-108.03766,1195.4,3.492757848
44.48879,-108.03656,1196.6,3.621824505
44.48903,-108.03545,1194.8,3.720980711
44.48928,-108.03435,1197.4,3.790657903
44.48952,-108.03324,1203.1,3.831416837
44.48977,-108.03213,1206.9,3.843949626
44.49001,-108.03102,1210.5,3.829081385
44.49026,-108.02991,1213.8,3.787771492
44.49051,-108.0288,1217.3,3.721114475
44.49075,-108.02769,1220.7,3.630340516
44.491,-108.02658,1223.8,3.516815586
44.49124,-108.02547,1225.5,3.382041227
44.4915,-108.02435,1226.8,3.227653984
44.49176,-108.02322,1227,3.05542451
44.49204,-108.02206,1226,2.85245215
44.49235,-108.02097,1226.9,2.632923351
44.49266,-108.01987,1229.7,2.410042184
44.49297,-108.01878,1232.2,2.235769398
44.49328,-108.01768,1235.1,2.054933817
44.49359,-108.01659,1236,1.870934671
44.49382,-108.01542,1234.8,1.701840563
44.49388,-108.01496,1233.4,1.536343459
44.49396,-108.01403,1230.7,1.377371179
44.49397,-108.01305,1228.3,1.227084694
44.49396,-108.01201,1225.8,1.076851923
44.49396,-108.01097,1222.8,0.915798617
44.49396,-108.00993,1219.6,0.75739364
44.49396,-108.00888,1216.2,0.612755726
44.49395,-108.00781,1214.1,0.474931183
44.49394,-108.00673,1214.3,0.347142713
44.49394,-108.00566,1213.7,0.229486959
44.49393,-108.00458,1216,0.121381643
44.49392,-108.00345,1217.6,0.024545346
44.49392,-108.00231,1216,-0.064103871
44.49392,-108.00118,1214.3,-0.143895045
44.49391,-108.00005,1216.7,-0.213832343
44.49391,-107.99892,1217.2,-0.277053734
44.49391,-107.99772,1216.6,-0.336064846
44.49391,-107.99652,1213.8,-0.387914419
44.49391,-107.99533,1214.1,-0.422964939
44.49391,-107.99413,1215,-0.446139766
44.49391,-107.99294,1218.1,-0.457353807
44.49391,-107.99174,1214.9,-0.452911564
44.49391,-107.99054,1213.8,-0.436433483
44.49391,-107.98935,1212.2,-0.412515974
44.49391,-107.98815,1210.9,-0.394339542
44.49391,-107.98696,1209.9,-0.38055637
44.49391,-107.98576,1209.5,-0.366715439
44.49391,-107.98457,1208.8,-0.35197989
44.49393,-107.98353,1207.8,-0.339907546
44.49396,-107.98302,1207.8,-0.333441466
44.49406,-107.98221,1207.2,-0.328017022
44.49415,-107.98169,1206.8,-0.316600769
44.49429,-107.98111,1206.8,-0.293389378
44.49456,-107.98029,1206.7,-0.253655984
44.49482,-107.97965,1207.6,-0.211895457
44.49502,-107.97924,1207.8,-0.177455063
44.49542,-107.97856,1207.8,-0.151359105
44.49568,-107.97819,1207.9,-0.122107959
44.49594,-107.97787,1207.9,-0.095057188
44.4963,-107.97747,1208.4,-0.083131779
44.49689,-107.97688,1208,-0.093205136
44.49747,-107.97629,1209.4,-0.099818921
44.49806,-107.9757,1212,-0.097921795
44.49876,-107.97497,1212.3,-0.098660991
44.49937,-107.97422,1211.7,-0.098955497
44.49996,-107.9733,1209.5,-0.097896869
44.50031,-107.97261,1211.3,-0.096901593
44.50067,-107.97191,1213.3,-0.089653207
44.50103,-107.97121,1214.1,-0.084715434
44.50152,-107.9703,1213.8,-0.074561206
44.50201,-107.96938,1213.9,-0.052512545
44.5025,-107.96846,1214.3,-0.012272067
44.50299,-107.96755,1213.9,0.036657072
44.50345,-107.96663,1212.9,0.084825963
44.50391,-107.96571,1208,0.148185133
44.50436,-107.96479,1203.2,0.215843819
44.50482,-107.96387,1202.5,0.28897694
44.50528,-107.96295,1202.1,0.35181063
44.50545,-107.96258,1202,0.40346924
44.50574,-107.96205,1201.9,0.44401931
44.50602,-107.96151,1202.1,0.473092838
44.50623,-107.96116,1204.1,0.49102941
44.50654,-107.96074,1207.8,0.510999986
44.50698,-107.96021,1208.8,0.532083764
44.50731,-107.95989,1208.9,0.555087825
44.50779,-107.9595,1214.1,0.578059908
44.50836,-107.95912,1215.2,0.596860447
44.50894,-107.95877,1217.5,0.611827841
44.50952,-107.95842,1220,0.617068258
44.51009,-107.95808,1220.8,0.625720951
44.51052,-107.95779,1223.5,0.640839654
44.51095,-107.9575,1225.1,0.655924815
44.51155,-107.95695,1224.7,0.669866942
44.51216,-107.9564,1220.5,0.685159995
44.5129,-107.9557,1218.8,0.703473103
44.51364,-107.95501,1219.4,0.722872356
44.51438,-107.95431,1212,0.737801994
44.51512,-107.95362,1208.1,0.732010836
44.51586,-107.95292,1202.1,0.709001477
44.5166,-107.95222,1203.8,0.680470792
44.51697,-107.95188,1204.7,0.649664107
44.51743,-107.95144,1205.9,0.606983362
44.51789,-107.951,1207.8,0.544479498
44.51833,-107.95053,1210,0.478724026
44.51872,-107.95005,1209.7,0.42113483
44.51893,-107.94976,1209,0.377840873
44.51911,-107.94946,1208.8,0.336924041
44.51947,-107.9488,1210.2,0.294951133
44.51981,-107.94798,1211.4,0.270167211
44.52005,-107.94723,1211.8,0.252252303
44.52016,-107.94679,1212.3,0.24872496
44.52032,-107.94597,1213,0.264043986
44.52041,-107.94511,1213.3,0.293468556
44.52044,-107.94432,1214.4,0.329667524
44.52043,-107.94307,1215.3,0.371763078
44.52042,-107.94181,1215.5,0.419328151
44.52041,-107.94056,1215.1,0.455401727
44.52041,-107.93931,1214.2,0.489580693
44.5204,-107.93805,1214.5,0.525998393
44.52039,-107.9368,1216.8,0.549357427
44.52038,-107.93555,1217.1,0.564290605
44.52037,-107.9343,1216.5,0.568027202
44.52036,-107.93304,1214.2,0.585554168
44.52035,-107.93179,1215.7,0.610785305
44.52035,-107.93054,1221.4,0.620010854
44.52034,-107.92928,1221.5,0.637999048
44.52033,-107.92803,1222.3,0.667458332
44.52032,-107.92678,1223.8,0.699788778
44.52031,-107.92552,1224.8,0.729985845
44.5203,-107.92427,1226,0.751307948
44.52029,-107.92331,1228.1,0.778177309
44.52028,-107.92236,1228.9,0.809538337
44.52027,-107.9214,1228.7,0.842614464
44.52024,-107.9204,1227.1,0.879593485
44.52016,-107.91937,1224.5,0.917008061
44.52008,-107.91865,1226.9,0.951782235
44.51994,-107.91758,1230.3,0.987121028
44.5198,-107.91651,1231.3,1.017171127
44.51966,-107.91544,1234.1,1.039906501
44.51952,-107.91437,1236.4,1.056552657
44.51938,-107.9133,1239.5,1.068778316
44.51924,-107.91223,1240.8,1.084592907
44.5191,-107.91116,1242.7,1.100669765
44.51901,-107.91023,1242.9,1.109268416
44.51896,-107.90916,1239.8,1.102161719
44.51896,-107.9086,1238.9,1.0843053
44.51899,-107.90766,1245.4,1.06454808
44.51906,-107.90669,1246.1,1.053391018
44.5192,-107.90553,1246.5,1.03576279
44.51933,-107.90436,1246.1,1.011495932
44.51946,-107.90319,1245.3,0.983396845
44.5196,-107.90202,1248.2,0.951158519
44.51973,-107.90086,1248.2,0.918226175
44.51987,-107.89969,1247.9,0.890976057
44.52,-107.89852,1247.4,0.866612392
44.52014,-107.89735,1246.3,0.840798029
44.52027,-107.89619,1245.9,0.805961983
44.52034,-107.89543,1245.9,0.760455663
44.52042,-107.89436,1245.8,0.725090357
44.52045,-107.89366,1246.7,0.701505517
44.52046,-107.89282,1248.1,0.683393857
44.52046,-107.89172,1249.1,0.672362249
44.52045,-107.89062,1248.8,0.666787999
44.52044,-107.88951,1245.9,0.669361479
44.52043,-107.88841,1245.5,0.685060417
44.52043,-107.88731,1246.2,0.704328814
44.52042,-107.8862,1249.5,0.681879212
44.52042,-107.88519,1249.6,0.658507614
44.52042,-107.88417,1249.6,0.640612352
44.52042,-107.88316,1249.8,0.647710855
44.52041,-107.88214,1250.8,0.654117107
44.52041,-107.88112,1252.7,0.65382411
44.52042,-107.88,1254.9,0.658888719
44.52042,-107.87887,1257.3,0.669629147
44.52043,-107.87774,1259,0.693953511
44.52043,-107.87661,1260,0.720775333
44.52044,-107.87549,1260.6,0.746825704
44.52044,-107.87436,1261.5,0.781262068
44.52045,-107.87323,1263.5,0.813248333
44.52045,-107.8721,1264.8,0.843483889
44.52046,-107.87092,1264.8,0.871173555
44.52046,-107.86974,1264,0.896457743
44.52046,-107.86855,1262.7,0.927156121
44.52045,-107.86791,1262.6,0.962963621
44.52042,-107.86727,1262.6,0.993238697
44.52038,-107.86663,1262.6,1.015634491
44.52029,-107.86575,1259.3,1.031214234
44.52021,-107.86486,1258.8,1.044027703
44.52007,-107.86372,1275.9,1.051525626
44.51994,-107.86259,1275.8,1.063440447
44.51981,-107.86145,1273.5,1.073535709
44.51968,-107.86031,1273.3,1.079052872
44.51955,-107.85917,1276.3,1.076398137
44.51944,-107.85844,1280,1.068431147
44.51933,-107.85772,1280.5,1.056032036
44.5192,-107.85703,1280.3,1.035351172
44.51907,-107.85635,1280.2,1.009949658
44.51881,-107.85518,1281.3,0.978590804
44.51856,-107.85401,1283.3,0.939451284
44.5183,-107.85285,1280.8,0.892857727
44.51805,-107.85168,1281.1,0.834927759
44.5178,-107.85052,1281.4,0.785551267
44.51768,-107.84991,1281.8,0.745971079
44.51755,-107.8493,1282,0.715739619
44.51746,-107.84873,1281.3,0.700345889
44.5174,-107.84818,1280.7,0.690483183
44.51731,-107.84696,1282.8,0.683099599
44.5173,-107.84646,1283.6,0.677913649
44.51733,-107.84529,1281.8,0.661701857
44.51743,-107.84422,1280.2,0.621978601
44.51751,-107.84363,1280.2,0.567618575
44.51761,-107.84304,1279.7,0.540369471
44.51773,-107.84244,1278.5,0.483284512
44.51787,-107.84188,1277.5,0.393128585
44.51804,-107.84129,1277.1,0.278999539
44.51822,-107.84078,1276.6,0.202938595
44.51841,-107.84027,1276.5,0.144854284
44.51866,-107.83968,1277.7,0.120526024
44.51913,-107.83871,1279.5,0.118134706
44.51941,-107.83822,1280.8,0.130446334
44.51975,-107.8377,1282.8,0.163995718
44.52007,-107.83726,1284.8,0.226545706
44.52073,-107.83645,1292,0.29194938
44.52129,-107.83591,1293.1,0.350772878
44.52185,-107.83536,1293.2,0.39981768
44.52249,-107.83478,1291.7,0.442695569
44.52313,-107.83419,1286.1,0.479929899
44.52377,-107.8336,1281.5,0.502453534
44.52441,-107.83301,1277.6,0.513857496
44.52505,-107.83243,1272.8,0.52763898
44.52569,-107.83184,1272,0.542952565
44.52617,-107.8314,1271.5,0.550265083
44.52691,-107.8307,1270.7,0.552022871
44.52766,-107.83,1274,0.558304006
44.52794,-107.8297,1278.6,0.574282832
44.52815,-107.82948,1282.7,0.578709923
44.52846,-107.82907,1290.4,0.571788718
44.52868,-107.82875,1288.7,0.551055034
44.52903,-107.82807,1293,0.520210965
44.52918,-107.82773,1291.2,0.467739442
44.52933,-107.82733,1289.7,0.399518692
44.52948,-107.8268,1288.5,0.330425155
44.52959,-107.82633,1286.3,0.265466436
44.52967,-107.82586,1282.4,0.205535901
44.52972,-107.8254,1280,0.155063759
44.52975,-107.82488,1279.7,0.120764892
44.52976,-107.82434,1280.1,0.091756178
44.52974,-107.82349,1280.4,0.067596774
44.5297,-107.8223,1280.6,0.042502093
44.52967,-107.8211,1283,0.003650883
44.52963,-107.81991,1284.6,-0.049002769
44.5296,-107.81871,1284.6,-0.114157075
44.52957,-107.81752,1285.2,-0.19936597
44.52953,-107.81632,1286,-0.283109809
44.5295,-107.81513,1285.7,-0.371557994
44.52947,-107.81393,1282.6,-0.46493371
44.52943,-107.81274,1275,-0.552582296
44.5294,-107.81192,1273.6,-0.611310382
44.52932,-107.81071,1271.1,-0.636739644
44.52919,-107.80949,1270.6,-0.59980463
44.52909,-107.80875,1269.1,-0.563995473
44.52896,-107.80793,1271.5,-0.523242686
44.52882,-107.80711,1275.1,-0.48191304
44.52868,-107.8063,1275.3,-0.413829974
44.5285,-107.80522,1274.7,-0.289471985
44.52831,-107.80415,1275.1,-0.176801491
44.52812,-107.80307,1274.9,-0.119852566
44.52794,-107.802,1276.2,-0.068305424
44.52775,-107.80093,1277.2,-0.021931744
44.52765,-107.80021,1277.4,0.005585558
44.52754,-107.7995,1277.9,0.043665014
44.52744,-107.79846,1278.7,0.118057379
44.52738,-107.7975,1279.9,0.197701099
44.52737,-107.79681,1280.7,0.25426278
44.52737,-107.79585,1283.2,0.26773466
44.5274,-107.79524,1282.6,0.302762278
44.52749,-107.79403,1283.7,0.383492119
44.52757,-107.79334,1284.4,0.499143545
44.52767,-107.79269,1285.1,0.608861417
44.52778,-107.79204,1285.9,0.694814569
44.52799,-107.79103,1289.7,0.764254664
44.5282,-107.79002,1287.1,0.809846289
44.52842,-107.78902,1289.1,0.840571141
44.52863,-107.78801,1300.1,0.84739905
44.52884,-107.787,1304.2,0.842328938
44.52906,-107.786,1299.2,0.832701408
44.52915,-107.78562,1292.3,0.808512077
44.52926,-107.78524,1292.1,0.768497109
44.52955,-107.78446,1301.7,0.716488894
44.52971,-107.78408,1300.6,0.651902381
44.5299,-107.78368,1301.2,0.580091348
44.53012,-107.78329,1305.3,0.50158046
44.53053,-107.78264,1304.5,0.415525143
44.53105,-107.78198,1293.1,0.323966811
44.53133,-107.78167,1292.4,0.22758466
44.53163,-107.78139,1296.7,0.1223121
44.53194,-107.78113,1305.5,0.011191109
44.53257,-107.78071,1304.1,-0.09808236
44.53283,-107.78057,1299.6,-0.21744936
44.53316,-107.78041,1293.4,-0.330923375
44.5336,-107.78024,1290.7,-0.440171212
44.53399,-107.78011,1288.6,-0.536541369
44.53451,-107.78002,1286.7,-0.61710216
44.53538,-107.78001,1285.6,-0.675866226
44.53627,-107.78001,1282.6,-0.733184962
44.53716,-107.78002,1281,-0.776212049
44.53748,-107.78,1281,-0.775816643
44.53782,-107.77995,1281,-0.739806899
44.53839,-107.77979,1281,-0.707889035
44.53912,-107.77946,1281,-0.715421164
44.53965,-107.77909,1281,-0.716148929
44.54002,-107.77877,1281,-0.684277975
44.5403,-107.77849,1281,-0.649168002
44.54091,-107.77777,1281,-0.59730124
44.54155,-107.77696,1281,-0.506818429
44.5422,-107.77614,1281.1,-0.406462166
44.54284,-107.77533,1281.5,-0.328721254
44.54346,-107.77453,1285,-0.254714369
44.54381,-107.774,1287.2,-0.146112044
44.54412,-107.7735,1289.3,0.02698118
44.54462,-107.77247,1295.1,0.213123104
44.54496,-107.77164,1297.1,0.375534083
44.54525,-107.77066,1300.7,0.506951035
44.54552,-107.76962,1301.9,0.63173091
44.54579,-107.76859,1302.2,0.726112569
44.54608,-107.76744,1303.3,0.808720012
44.54637,-107.76629,1305.2,0.888026371
44.54665,-107.76514,1307.4,0.961713981
44.54694,-107.76399,1309.7,1.02018263
44.54723,-107.76284,1308,1.081957374
44.54752,-107.76169,1311.2,1.139730016
44.5478,-107.76054,1311.3,1.193529964
44.54809,-107.75939,1311.3,1.227120978
44.54838,-107.75824,1316.1,1.239876354
44.54867,-107.75709,1317.4,1.260839712
44.5488,-107.75644,1317.4,1.268025127
44.54894,-107.7558,1317.5,1.260786061
44.54913,-107.75457,1318.3,1.238412354
44.54926,-107.75351,1317.5,1.199658698
44.54938,-107.75245,1319.8,1.126409976
44.54951,-107.75139,1319.8,1.036675141
44.5496,-107.75075,1320.3,0.96000775
44.54969,-107.75012,1320.1,0.896966962
44.54986,-107.74922,1320.4,0.847378563
44.5501,-107.74827,1319.8,0.802700976
44.55047,-107.7472,1317.4,0.764945674
44.55085,-107.74614,1324.5,0.72549007
44.55123,-107.74508,1326.1,0.691164656
44.5516,-107.74402,1325.9,0.660570999
44.55198,-107.74295,1323.8,0.631752909
44.5522,-107.74243,1325,0.609458106
44.55243,-107.74196,1323.1,0.582793091
44.55292,-107.74109,1321,0.542377114
44.55321,-107.74065,1319.4,0.547312958
44.55347,-107.7403,1320.7,0.566793641
44.55407,-107.73957,1324.7,0.57943657
44.55468,-107.73885,1317.5,0.581179237
44.55528,-107.73813,1317.2,0.609650371
44.55588,-107.7374,1317.1,0.63349651
44.55649,-107.73668,1317.3,0.636790461
44.55692,-107.7361,1318,0.629915557
44.55713,-107.7358,1321.5,0.62286388
44.55759,-107.73505,1328.8,0.627549483
44.55781,-107.73468,1328.2,0.646839115
44.55801,-107.73429,1327.4,0.669160761
44.55829,-107.7337,1327.3,0.690433811
44.55865,-107.73288,1327.6,0.709277231
44.55882,-107.7324,1328.3,0.711670323
44.55907,-107.73168,1330.2,0.694852532
44.55935,-107.73069,1329.5,0.68031618
44.55955,-107.72982,1329.6,0.65758037
44.55975,-107.72894,1331,0.623765177
44.55995,-107.72807,1331.4,0.554162384
44.56018,-107.72716,1336,0.584119291
44.56048,-107.72623,1341.8,0.64388164
44.56069,-107.72569,1335.2,0.691421226
44.56094,-107.72512,1331.4,0.718933503
44.56116,-107.72468,1331.6,0.737980125
44.56169,-107.7237,1340.1,0.756393462
44.56222,-107.72272,1330,0.743868672
44.56275,-107.72174,1329.7,0.717468666
44.56328,-107.72076,1337,0.683713046
44.56381,-107.71978,1342.5,0.642242455
44.56411,-107.71915,1342.7,0.594767139
44.56437,-107.71845,1341.9,0.55872602
44.56461,-107.71764,1337.5,0.534695603
44.56479,-107.71678,1336.2,0.50699117
44.56485,-107.71642,1335.6,0.472443277
44.56496,-107.7154,1334.7,0.431831337
44.56506,-107.71439,1337.9,0.388871828
44.56511,-107.71413,1338.8,0.343784627
44.56524,-107.71352,1342.5,0.301615224
44.56533,-107.7132,1344.8,0.256259579
44.56545,-107.7129,1347.5,0.206607442
44.5656,-107.71257,1354.2,0.180339947
44.56575,-107.7123,1345.5,0.165308566
44.56591,-107.71205,1340.7,0.169283445
44.56611,-107.71179,1340,0.196257379
44.56651,-107.71136,1339.6,0.195458245
44.56705,-107.71095,1340.6,0.172203688
44.56758,-107.71055,1341,0.145018313
44.56805,-107.71016,1341.3,0.133862132
44.56835,-107.70983,1341.7,0.098539135
44.56865,-107.70943,1341,0.061434608
44.5689,-107.7091,1340.5,0.015898071
44.56956,-107.70826,1339.2,-0.034859253
44.57016,-107.70778,1340.8,-0.057308788
44.57044,-107.70753,1341.9,-0.047293423
44.5706,-107.70736,1341.8,-0.029632862
44.57071,-107.70722,1341.8,-0.012709246
44.5713,-107.70635,1343.4,-0.00183549
44.5718,-107.70578,1344.2,0.018893591
44.5723,-107.70522,1346.3,0.06871111
44.57282,-107.70456,1348.9,0.139898874
44.57329,-107.70385,1351.1,0.236308142
44.57376,-107.70314,1355,0.353015782
44.57389,-107.70291,1353.9,0.51039402
44.57409,-107.70248,1353,0.733531422
44.57414,-107.70232,1353,0.86522643
44.57421,-107.70199,1353.1,0.956128315
44.57424,-107.70151,1353.1,1.048698025
44.57421,-107.70028,1355.9,1.152500561
44.57422,-107.70007,1356.4,1.27565981
44.57427,-107.69974,1357.6,1.423303751
44.57432,-107.69955,1358,1.5697384
44.5746,-107.6988,1359.9,1.705228843
44.57465,-107.6986,1362.6,1.817687268
44.57469,-107.69836,1366.1,1.910798812
44.5747,-107.69817,1366.2,1.970203734
44.5747,-107.69798,1365.5,2.009709045
44.57463,-107.69718,1364.1,2.059250229
44.57463,-107.69701,1364.7,2.089840046
44.57467,-107.69662,1366.8,2.126532028
44.57477,-107.69621,1367.1,2.15898498
44.57484,-107.69604,1366.6,2.173523467
44.57523,-107.69533,1366.1,2.194350257
44.57555,-107.69454,1366.7,2.226858545
44.57563,-107.69438,1367.5,2.250240762
44.57584,-107.6941,1367.3,2.271372046
44.57642,-107.69348,1369.3,2.248160701
44.57683,-107.69299,1377.9,2.20733778
44.57722,-107.69266,1380.7,2.16779286
44.57751,-107.69252,1381.4,2.139667253
44.57787,-107.69242,1380.7,2.103561726
44.57822,-107.69227,1378.7,2.063064139
44.57832,-107.69219,1377.3,2.028656911
44.57846,-107.69203,1376.7,1.973525468
44.57856,-107.69177,1376.9,1.914165628
44.57874,-107.69115,1378.8,1.863570294
44.57886,-107.69084,1379.5,1.802072868
44.57894,-107.69069,1380.9,1.771224091
44.57931,-107.69024,1385.9,1.783056952
44.57943,-107.68999,1385.5,1.790888243
44.57951,-107.68966,1387.4,1.77940114
44.57953,-107.68948,1386.9,1.762405858
44.57952,-107.68904,1387.4,1.78769535
44.57939,-107.68819,1392.3,1.848782358
44.57939,-107.68801,1392.2,1.937501366
44.57943,-107.68759,1391,2.044224336
44.57949,-107.68722,1392.3,2.124268977
44.57954,-107.68708,1392.9,2.213295999
44.57966,-107.68682,1396.4,2.365403459
44.57982,-107.68655,1398.4,2.53791267
44.58006,-107.68623,1398.9,2.76885432
44.58011,-107.68613,1398.5,3.057165974
44.58023,-107.68554,1399.5,3.397312013
44.58035,-107.68529,1400.3,3.671006389
44.58056,-107.68498,1399.9,3.905759666
44.58062,-107.68483,1401.6,4.119843044
44.58071,-107.68442,1403.5,4.29628903
44.58072,-107.68417,1403.6,4.445084028
44.5807,-107.68405,1406.1,4.576613705
44.58057,-107.68361,1412.6,4.699585071
44.58055,-107.68345,1412.1,4.837868243
44.58055,-107.68328,1413.2,4.962825041
44.58056,-107.68307,1416.2,5.042282247
44.58069,-107.6822,1432,5.107667905
44.5808,-107.68159,1435.6,5.136000016
44.58085,-107.68144,1436,5.195764943
44.58097,-107.68119,1435.9,5.344768928
44.58107,-107.68107,1436.4,5.495477206
44.58129,-107.6809,1443.3,5.631568769
44.58177,-107.68069,1453.3,5.792627074
44.58198,-107.68055,1450.1,5.920172948
44.58262,-107.6797,1454.2,6.055728738
44.58271,-107.67955,1454.1,6.216866119
44.58278,-107.6794,1452.4,6.382754234
44.58286,-107.67912,1447.8,6.53617164
44.58288,-107.67895,1451.2,6.683964118
44.58287,-107.67857,1455.3,6.825048548
44.58284,-107.67841,1455.1,6.942193836
44.58277,-107.67823,1457,7.055200637
44.5827,-107.67809,1458.7,7.150343022
44.58256,-107.67786,1461.7,7.22363884
44.58229,-107.67755,1465.1,7.350183491
44.58218,-107.67745,1466,7.518370995
44.58202,-107.67737,1469.8,7.663096763
44.58191,-107.67735,1473.1,7.780340101
44.5817,-107.67741,1479.5,7.875854898
44.58153,-107.67757,1486.4,7.981403544
44.58143,-107.67771,1487.6,8.149740461
44.58099,-107.6786,1474.1,8.3580969
44.58054,-107.67949,1480.7,8.602606492
44.5801,-107.68037,1489,8.885407041
44.57966,-107.68126,1487.9,9.226481909
44.57948,-107.68151,1494.5,9.598844522
44.57925,-107.68173,1500.5,9.898362049
44.57914,-107.68179,1501.3,10.14874904
44.57904,-107.68181,1502.1,10.33017563
44.57894,-107.6818,1502.8,10.42144515
44.57887,-107.68177,1503.4,10.38895375
44.5788,-107.68171,1504.1,10.35557916
44.57872,-107.6816,1505.2,10.30035694
44.57866,-107.68149,1506.8,10.18589406
44.57863,-107.68137,1508.3,10.03249979
44.57861,-107.68123,1509.6,9.80964026
44.57863,-107.68108,1510.3,9.591708899
44.57867,-107.68093,1510.6,9.366830332
44.57874,-107.68083,1511.3,9.097043426
44.57882,-107.68074,1513.6,8.813452749
44.57892,-107.68069,1517.5,8.53806983
44.57902,-107.68065,1521.2,8.281324738
44.57929,-107.68063,1520,8.085371855
44.57941,-107.68059,1519.4,7.917450085
44.57951,-107.68053,1517.8,7.729433609
44.57958,-107.68047,1516.1,7.530716257
44.57966,-107.68034,1514.6,7.327610052
44.57975,-107.68014,1512.9,7.104959925
44.57981,-107.67994,1513,6.920026818
44.58002,-107.67886,1518,6.7915205
44.58033,-107.67803,1525,6.662628741
44.5804,-107.6778,1526.2,6.497097573
44.58043,-107.67765,1527.5,6.355406932
44.58042,-107.67733,1528.6,6.287135389
44.58033,-107.67702,1529.5,6.223753875
44.58025,-107.67682,1530.1,6.144525645
44.58013,-107.67657,1532.1,6.036664239
44.57999,-107.67634,1538.4,5.951632917
44.57957,-107.67575,1537.3,5.914573472
44.5795,-107.67561,1537,5.94087421
44.57944,-107.67544,1538.6,5.976221208
44.57941,-107.67524,1541,6.036541363
44.5794,-107.67507,1543.4,6.161179443
44.57946,-107.67475,1548.6,6.376377224
44.57952,-107.67459,1550.2,6.680109703
44.57989,-107.67397,1552.3,7.012850802
44.58027,-107.67334,1549.3,7.381718813
44.58036,-107.67323,1550.9,7.78307873
44.58083,-107.67281,1559.1,8.187313605
44.58098,-107.67264,1561,8.441245559
44.58115,-107.67236,1564.2,8.572834895
44.58133,-107.67197,1564.4,8.646284132
44.58141,-107.67185,1565.8,8.685208573
44.58151,-107.67173,1570.2,8.696431622
44.58188,-107.67139,1573.5,8.718817094
44.58205,-107.67118,1569.2,8.762873818
44.58226,-107.67081,1572.1,8.784734592
44.58233,-107.67061,1575.5,8.764125604
44.58236,-107.67041,1581.4,8.745967616
44.58236,-107.67022,1584.7,8.738576621
44.58231,-107.66985,1587.7,8.780459091
44.58232,-107.66928,1585.6,8.785568723
44.58229,-107.66884,1589.6,8.73511591
44.58224,-107.66843,1592.2,8.671136852
44.58221,-107.66801,1593.9,8.638442121
44.5822,-107.66767,1596.3,8.597001596
44.58216,-107.66733,1599.7,8.596776464
44.58202,-107.6666,1600.2,8.595302584
44.58201,-107.6664,1598.9,8.592990665
44.58202,-107.66622,1595.3,8.579093671
44.58209,-107.66601,1589.5,8.55199017
44.58215,-107.66591,1593.2,8.502500757
44.58227,-107.66582,1598.1,8.442640968
44.58235,-107.66579,1599.9,8.40002523
44.58251,-107.66576,1603,8.325845387
44.58302,-107.66583,1615.1,8.220061419
44.58353,-107.6659,1616.5,8.158062152
44.58383,-107.66592,1616.6,8.079665853
44.58407,-107.6659,1619.6,7.908824342
44.58421,-107.66583,1622.9,7.723001601
44.58436,-107.66567,1623.1,7.599441091
44.5845,-107.66529,1623,7.554770578
44.5846,-107.6645,1623.5,7.5461188
44.58475,-107.66406,1626.6,7.555748384
44.58507,-107.66341,1635.9,7.539221968
44.5856,-107.66256,1646,7.555019281
44.5858,-107.66229,1644.9,7.605698596
44.586,-107.6621,1649.4,7.646796218
44.58635,-107.66189,1649.4,7.608072394
44.58677,-107.66167,1653.9,7.556424373
44.5869,-107.66156,1653.9,7.496137401
44.58699,-107.66146,1652.9,7.440342824
44.58744,-107.66057,1659,7.31718444
44.58755,-107.66028,1662.7,7.068686675
44.58759,-107.66004,1664,6.903058956
44.58762,-107.65924,1661.7,6.806286723
44.58769,-107.65896,1662.7,6.729039664
44.58778,-107.65878,1665.4,6.619608821
44.58807,-107.6584,1668.6,6.579268293
44.58866,-107.65783,1677.5,6.562232733
44.58888,-107.65751,1684.3,6.557081257
44.58896,-107.65729,1686.8,6.562506811
44.58901,-107.65698,1684.7,6.619895951
44.58901,-107.65679,1685,6.703157421
44.58895,-107.6565,1686.9,6.819404045
44.58879,-107.656,1688.9,6.929583243
44.58872,-107.65584,1690,7.056451716
44.58837,-107.65526,1688.6,7.200197903
44.58828,-107.65504,1686.6,7.365704686
44.58824,-107.65473,1687.4,7.507075302
44.58823,-107.6545,1694.9,7.648098915
44.58828,-107.65425,1700.1,7.755634528
44.58841,-107.65395,1704.3,7.888672182
44.58859,-107.65371,1703.8,8.026341747
44.58915,-107.65307,1707.9,8.132443839
44.58935,-107.6528,1713.5,8.236096917
44.5895,-107.65248,1713.1,8.346598574
44.58955,-107.65218,1713.8,8.430814265
44.58955,-107.65193,1716.4,8.460590128
44.58953,-107.65175,1722,8.484440825
44.5894,-107.65128,1724.5,8.517197004
44.58934,-107.65092,1726.1,8.525011467
44.58934,-107.65015,1729.5,8.532222156
44.58928,-107.64975,1735,8.555689278
44.58921,-107.64959,1736.6,8.57914869
44.58914,-107.64946,1736.8,8.553478184
44.58906,-107.64936,1735.9,8.522455585
44.58895,-107.64927,1736.7,8.494712311
44.58862,-107.64905,1737.4,8.430258358
44.58824,-107.64886,1741.1,8.335907938
44.58812,-107.64882,1741.5,8.209110863
44.58791,-107.64884,1742.8,8.012982962
44.5878,-107.64889,1745,7.785323096
44.58754,-107.64905,1750.3,7.610800563
44.58732,-107.64915,1750.6,7.475082282
44.58712,-107.64915,1750.1,7.365201092
44.58701,-107.64912,1750.2,7.214787471
44.58691,-107.64907,1750.3,7.05780353
44.58668,-107.64885,1751.4,6.928860064
44.58628,-107.64834,1757.7,6.771519613
44.58613,-107.64807,1761.1,6.599588726
44.58607,-107.64793,1761,6.447040343
44.58587,-107.64719,1763.1,6.390928862
44.58567,-107.64644,1769.4,6.330948309
44.5856,-107.64606,1770.8,6.273376553
44.5856,-107.64593,1771.5,6.222395674
44.58562,-107.64579,1772.5,6.204571771
44.58566,-107.64564,1773.5,6.212884931
44.58588,-107.64514,1772.4,6.225856017
44.58604,-107.64461,1771.2,6.195490124
44.5861,-107.64423,1774.3,6.146666283
44.58609,-107.64387,1777.6,6.074836676
44.58606,-107.64369,1778,6.040512757
44.58594,-107.64332,1780.7,6.041890896
44.58576,-107.64301,1782.2,6.031813333
44.58545,-107.64262,1787.1,6.06765671
44.58525,-107.64232,1788.8,6.107385167
44.58513,-107.64198,1789.3,6.110474003
44.58508,-107.64179,1791.3,6.106827767
44.58505,-107.6414,1793,6.081003376
44.58508,-107.64105,1794.3,6.050028161
44.58512,-107.64086,1795.7,5.974382957
44.58529,-107.64028,1799.2,5.914209756
44.58536,-107.63981,1800.4,5.885854731
44.58537,-107.63957,1800.1,5.856670727
44.58531,-107.63895,1804.6,5.788948377
44.58526,-107.63832,1807.7,5.733177926
44.58522,-107.63809,1808.5,5.673936101
44.58509,-107.63769,1810.3,5.607969943
44.58491,-107.6373,1811.2,5.545310466
44.58452,-107.63664,1811.9,5.505451491
44.5844,-107.63635,1814.7,5.461802021
44.58432,-107.63602,1818.7,5.403480415
44.58431,-107.63582,1821,5.379562664
44.58431,-107.63552,1819.9,5.380160396
44.58434,-107.63535,1818,5.385148509
44.58466,-107.63434,1822.9,5.406026553
44.58473,-107.63394,1820.6,5.430616801
44.58474,-107.63367,1823,5.466199431
44.58472,-107.63303,1830.9,5.506559893
44.5847,-107.63239,1830.8,5.533095018
44.58473,-107.63189,1834,5.564854427
44.58481,-107.63135,1834.1,5.55392494
44.58497,-107.63064,1846.1,5.539539142
44.58512,-107.62993,1848.9,5.548190914
44.58518,-107.62952,1848.9,5.582941405
44.58516,-107.62879,1848,5.628462618
44.58514,-107.62806,1858.7,5.653798737
44.58515,-107.62757,1861.2,5.669904204
44.58517,-107.62735,1862.6,5.66832684
44.58521,-107.62707,1865.5,5.643402137
44.58528,-107.62676,1868.8,5.598370016
44.58546,-107.62607,1871.5,5.528233675
44.58564,-107.62537,1873.9,5.438242183
44.58569,-107.62509,1875.4,5.352956892
44.58572,-107.62486,1874.9,5.292094452
44.58577,-107.62412,1875.9,5.257207939
44.58581,-107.6239,1875.9,5.190303304
44.58586,-107.62373,1875.8,5.055059339
44.586,-107.62342,1875.6,4.910584986
44.58608,-107.62328,1875.8,4.711399265
44.58618,-107.62318,1875.5,4.488904115
44.58635,-107.62303,1875.6,4.266993836
44.58645,-107.62298,1876,4.007676655
44.58691,-107.62281,1886.1,3.753233266
44.58702,-107.62273,1886.7,3.491804082
44.58717,-107.62254,1886,3.26344438
44.58721,-107.62242,1885.1,3.018567275
44.58723,-107.62229,1884.1,2.726137767
44.58723,-107.62215,1883.6,2.442745789
44.58721,-107.62198,1883.7,2.219459383
44.58709,-107.62138,1884.7,2.026560749
44.58709,-107.62126,1885,1.87747469
44.58711,-107.62112,1885.4,1.775278216
44.58715,-107.62099,1885.8,1.716175727
44.58744,-107.6205,1885.7,1.683895154
44.58753,-107.62029,1885.5,1.682720537
44.58757,-107.62015,1884.9,1.717928369
44.58759,-107.62002,1884.3,1.753595041
44.58759,-107.61987,1884.1,1.775084895
44.58752,-107.6196,1884.7,1.781000187
44.58737,-107.61931,1883.7,1.77509478
44.587,-107.61883,1884.8,1.759521596
44.58638,-107.61811,1892.7,1.760168452
44.58623,-107.61785,1894.6,1.748982096
44.58615,-107.61761,1896.7,1.731585816
44.58612,-107.61745,1897,1.72145657
44.58611,-107.61712,1896.8,1.764543294
44.58613,-107.61696,1897.3,1.880255468
44.58621,-107.61663,1900.6,1.998712272
44.5864,-107.61605,1912.9,2.097263449
44.58643,-107.61587,1913.1,2.150905814
44.58644,-107.61573,1913.1,2.15390303
44.58642,-107.61543,1913.2,2.140816033
44.58628,-107.61499,1911.4,2.160388675
44.58611,-107.61453,1910.6,2.195187476
44.58606,-107.6142,1910.6,2.241561255
44.58607,-107.61395,1910.3,2.306268982
44.5861,-107.61381,1909.7,2.363693535
44.58616,-107.61366,1908.8,2.452144972
44.58647,-107.613,1907.1,2.539566354
44.58653,-107.61281,1908.4,2.622610607
44.58657,-107.61257,1910.1,2.688979162
44.58659,-107.61221,1912.4,2.73940531
44.5865,-107.61105,1920.2,2.804040948
44.58641,-107.6099,1920.2,2.900397183
44.58634,-107.60938,1923.5,3.034958112
44.58613,-107.60825,1932.1,3.171720727
44.58606,-107.60779,1935.1,3.303776213
44.58605,-107.60731,1937.8,3.398737787
44.58609,-107.60625,1923.6,3.397408609
44.58606,-107.60572,1924,3.430171864
44.58603,-107.60551,1924.6,3.499150487
44.58577,-107.60445,1936,3.631066574
44.58552,-107.60339,1956.3,3.787830474
44.58526,-107.60234,1971.9,3.9711724
44.58517,-107.60172,1971.6,4.173477344
44.58506,-107.6008,1976.6,4.407794577
44.58495,-107.59965,1985.1,4.646543419
44.58484,-107.5985,1991.6,4.872399175
44.58472,-107.59735,2005.3,5.099069777
44.58468,-107.59677,2004.1,5.285438631
44.58469,-107.59638,2005.3,5.41565979
44.58479,-107.59531,2007.3,5.503923189
44.5849,-107.59423,2016.3,5.583905742
44.58493,-107.59374,2022.5,5.655491141
44.58492,-107.59338,2021.5,5.740912287
44.5849,-107.5932,2020.1,5.834740898
44.58488,-107.59303,2018.8,5.906122983
44.5848,-107.59269,2019.4,5.96357941
44.58468,-107.59239,2021.9,6.021519402
44.58452,-107.59212,2026.9,6.078513076
44.58441,-107.59198,2034.6,6.109960873
44.5838,-107.59131,2036.2,6.080552085
44.58362,-107.59108,2038.5,6.015651829
44.58345,-107.5908,2042.1,5.92203188
44.58328,-107.59044,2044.3,5.835773933
44.58295,-107.58962,2046.1,5.783606966
44.58263,-107.58881,2048.8,5.753966993
44.5823,-107.58799,2040.4,5.681393919
44.58208,-107.58758,2039.5,5.614582786
44.58191,-107.58737,2040.7,5.558813999
44.58172,-107.58719,2039.5,5.51512428
44.58125,-107.58684,2043.2,5.484823315
44.58077,-107.58649,2049.8,5.445678442
44.58057,-107.58631,2052.2,5.40378941
44.58025,-107.58595,2055,5.337824864
44.57987,-107.5853,2060.3,5.28744385
44.57949,-107.58466,2058.9,5.293984693
44.57895,-107.58368,2058,5.274689439
44.5784,-107.5827,2060.1,5.152711605
44.57793,-107.58175,2065.9,4.972909162
44.57763,-107.58096,2067.6,4.814828234
44.57733,-107.58017,2068.8,4.680572869
44.57704,-107.57937,2077.4,4.598496758
44.57676,-107.57857,2078.8,4.622162548
44.57648,-107.57777,2084.1,4.659482312
44.5762,-107.57697,2089.6,4.733818101
44.57594,-107.57597,2092,4.812571407
44.57587,-107.57542,2093.5,4.932889767
44.57579,-107.57456,2097,5.075848025
44.57578,-107.57403,2103.7,5.235539149
44.57582,-107.57327,2106.3,5.362351441
44.57585,-107.57252,2109.1,5.466468033
44.57584,-107.57219,2109.6,5.575893348
44.57573,-107.57153,2115.1,5.646967657
44.57531,-107.57054,2117.2,5.725732033
44.5751,-107.56988,2120.1,5.818253075
44.57502,-107.56954,2123.8,5.919894705
44.575,-107.56931,2124.9,6.024806
44.57499,-107.56869,2121.9,6.141636225
44.57495,-107.56837,2123.8,6.231905385
44.57488,-107.56809,2132.2,6.29237012
44.57478,-107.56787,2136.6,6.340015056
44.57447,-107.5675,2136.2,6.390539977
44.57397,-107.56682,2138.6,6.428660323
44.57376,-107.5665,2138.4,6.449859138
44.57343,-107.56578,2144.5,6.461339767
44.5732,-107.56518,2147.1,6.434226097
44.57294,-107.56422,2147.4,6.45397393
44.57267,-107.56327,2162.9,6.559822556
44.57241,-107.56232,2162,6.632918219
44.57202,-107.56133,2162.2,6.667715646
44.57196,-107.56108,2162.6,6.66321499
44.57193,-107.56082,2163.7,6.648116817
44.57194,-107.55999,2169.3,6.608977554
44.57195,-107.55917,2171.4,6.550587689
44.57189,-107.55794,2182.4,6.466443144
44.57176,-107.5568,2184.9,6.372208979
44.57176,-107.55626,2186.9,6.243340866
44.57179,-107.55586,2188.5,6.059404343
44.57185,-107.55553,2189.7,5.840691574
44.5721,-107.55481,2191.1,5.601342557
44.57243,-107.55407,2196.2,5.321878716
44.57254,-107.55374,2199,5.047428367
44.57262,-107.55339,2200.6,4.86638433
44.57266,-107.55288,2201.6,4.756441743
44.57267,-107.55243,2203,4.62366302
44.5726,-107.55149,2206.1,4.460830645
44.57261,-107.55114,2209.6,4.270844676
44.57265,-107.5508,2214.3,4.101248228
44.57275,-107.55044,2210,3.938654445
44.57292,-107.55009,2197,3.737201263
44.57313,-107.54987,2196.7,3.556865303
44.5733,-107.54974,2197,3.384075548
44.5736,-107.54962,2198.4,3.21893224
44.57415,-107.54949,2201.5,3.063503947
44.5747,-107.54937,2201.6,2.921745214
44.57491,-107.54925,2201.1,2.742679139
44.57503,-107.54915,2200.6,2.587459169
44.57522,-107.54886,2200,2.47639013
44.57533,-107.54852,2200.1,2.379982337
44.57535,-107.54823,2203.2,2.310486742
44.57532,-107.54789,2208.1,2.277720915
44.57525,-107.54768,2209.8,2.277912513
44.57517,-107.54752,2210.7,2.294997974
44.57501,-107.54732,2210.7,2.329134051
44.57488,-107.5472,2209.4,2.392540329
44.57458,-107.54705,2204.9,2.475579075
44.574,-107.54689,2206.9,2.586898496
44.57368,-107.54682,2211,2.72410076
44.57348,-107.5468,2212.9,2.865661728
44.57304,-107.54682,2212.4,3.028155955
44.57277,-107.54679,2212.4,3.263579953
44.57249,-107.54667,2217.6,3.504254904
44.57231,-107.54653,2220.9,3.649936782
44.57216,-107.54633,2221.3,3.778975497
44.572,-107.54603,2221.8,3.903725611
44.5719,-107.54561,2222.3,4.046147505
44.57181,-107.54442,2224.8,4.202672257
44.57175,-107.54414,2232,4.35732852
44.57164,-107.54387,2233.1,4.498113204
44.57151,-107.5437,2233.9,4.592614766
44.57126,-107.54347,2236.6,4.624058519
44.57093,-107.54329,2238.6,4.663898364
44.57078,-107.54317,2238.7,4.736614547
44.57064,-107.54302,2238.7,4.852775466
44.57053,-107.54284,2239.3,4.985199148
44.57044,-107.54256,2241.4,5.119058206
44.57037,-107.54216,2243.8,5.235874322
44.57033,-107.54114,2250.5,5.320611312
44.57029,-107.54013,2251.6,5.372575739
44.57025,-107.53975,2252.4,5.429082213
44.5702,-107.53946,2255.3,5.484007225
44.57012,-107.53921,2259,5.554544222
44.57001,-107.53892,2259.7,5.639638657
44.56988,-107.5387,2259,5.730508907
44.56973,-107.53848,2260.9,5.841814167
44.56955,-107.53828,2263.6,5.957772295
44.56895,-107.53773,2270.1,6.040434014
44.56871,-107.53749,2270.4,6.104781797
44.56858,-107.53731,2270.8,6.168185204
44.56849,-107.53714,2271.2,6.201853101
44.56842,-107.53692,2271.9,6.290474784
44.56838,-107.53669,2274.9,6.380563762
44.56837,-107.53643,2280.6,6.466445374
44.5684,-107.5362,2280.9,6.553290597
44.56848,-107.53596,2281.6,6.618397548
44.56857,-107.53575,2282.4,6.662089886
44.56873,-107.53554,2284.2,6.688281644
44.56884,-107.53544,2285.8,6.694101063
44.56899,-107.53538,2288.2,6.690222735
44.56911,-107.53536,2289.9,6.673108334
44.56935,-107.53539,2291.4,6.640185388
44.56965,-107.53559,2292.6,6.606388435
44.56996,-107.53592,2298.9,6.55688048
44.57014,-107.53613,2300.4,6.492852235
44.57031,-107.53639,2298.7,6.456656011
44.5708,-107.53726,2293.2,6.413936273
44.5713,-107.53814,2294.6,6.350391061
44.57178,-107.5389,2300.8,6.289722787
44.57204,-107.53923,2305.6,6.236658533
44.5723,-107.53937,2307.6,6.182730315
44.573,-107.53967,2305.3,6.097249412
44.57371,-107.53998,2312.7,5.998900448
44.57393,-107.54002,2313.8,5.880410577
44.57424,-107.53997,2314.1,5.737757108
44.57467,-107.53976,2314.8,5.587356703
44.57505,-107.5395,2316,5.487154051
44.57582,-107.5389,2325.2,5.390649154
44.5762,-107.53873,2327.4,5.289706314
44.57649,-107.53871,2327.9,5.171651321
44.57671,-107.53872,2329.1,5.055766198
44.57711,-107.53888,2332,4.951082062
44.57744,-107.53913,2335.1,4.872448162
44.57764,-107.53935,2338.2,4.846247996
44.57796,-107.53996,2336.7,4.835684599
44.57829,-107.54057,2338.5,4.830070626
44.57856,-107.54099,2344.5,4.828206956
44.5789,-107.54128,2345.8,4.808127303
44.57925,-107.54143,2346.9,4.761563654
44.57975,-107.54148,2347.5,4.704186682
44.57999,-107.54141,2347.7,4.639354241
44.58038,-107.54123,2348.2,4.600838983
44.58083,-107.54088,2349.4,4.598884063
44.58155,-107.54016,2357,4.605710109
44.58228,-107.53944,2357.6,4.609281221
44.58263,-107.53898,2359.2,4.617468243
44.58289,-107.5385,2362,4.615329164
44.583,-107.53817,2366,4.616682468
44.58316,-107.5373,2370,4.625148306
44.58333,-107.53643,2369.7,4.637579239
44.58355,-107.53579,2371.6,4.664365882
44.58398,-107.53473,2381.1,4.6672977
44.58442,-107.53366,2387.2,4.674988635
44.58467,-107.53316,2390.7,4.698713823
44.58487,-107.53288,2392.4,4.728706551
44.58508,-107.53276,2390.6,4.752018303
44.5854,-107.53263,2390.3,4.787633326
44.58562,-107.53266,2390.3,4.810009951
44.5858,-107.53274,2393.1,4.823778452
44.586,-107.53288,2397.5,4.853799423
44.58617,-107.53305,2400.1,4.86801416
44.58672,-107.53379,2402.9,4.889034986
44.58727,-107.53452,2410.2,4.906179061
44.58758,-107.5349,2410.4,4.898600648
44.58802,-107.53523,2410.4,4.89233775
44.58856,-107.53547,2413.9,4.864996049
44.58916,-107.53557,2414,4.833315463
44.58963,-107.53561,2418.3,4.795875102
44.59011,-107.53566,2424.5,4.742128808
44.59059,-107.5356,2425.8,4.7048881
44.59108,-107.53549,2425.6,4.69044004
44.59178,-107.53513,2425.8,4.687261944
44.5924,-107.53477,2427.3,4.682344147
44.59303,-107.5344,2438.6,4.653612461
44.59336,-107.53423,2438.7,4.64047143
44.59365,-107.53415,2437.7,4.647749759
44.59428,-107.53404,2438.4,4.670376314
44.59515,-107.53393,2446.2,4.691470086
44.59603,-107.53382,2451.3,4.677803427
44.5969,-107.53371,2453.3,4.649125104
44.59778,-107.5336,2458,4.610330399
44.59865,-107.53348,2463.7,4.593615597
44.59953,-107.53337,2473.8,4.603636332
44.60014,-107.53326,2474.3,4.628815149
44.60069,-107.53309,2475.7,4.630806472
44.60154,-107.53269,2486.2,4.631560003
44.60239,-107.53228,2486,4.615942653
44.603,-107.53192,2493.1,4.60689119
44.60347,-107.53146,2499.4,4.603400303
44.60388,-107.53095,2501.7,4.576564046
44.60421,-107.53041,2507.7,4.547842983
44.6047,-107.52951,2507.6,4.545303442
44.60501,-107.52903,2510.3,4.53864513
44.60534,-107.52865,2511.3,4.531621247
44.60571,-107.52835,2511.3,4.523884215
44.60634,-107.52807,2520.8,4.503732721
44.6068,-107.52788,2523.2,4.507377899
44.60727,-107.5277,2522.3,4.519383936
44.60778,-107.52739,2522.4,4.548397008
44.60829,-107.52694,2525.8,4.57531048
44.60879,-107.52628,2530.2,4.582189918
44.60926,-107.52553,2532.3,4.540348862
44.60972,-107.52479,2532.2,4.47344954
44.61019,-107.52404,2531.4,4.417825043
44.61066,-107.5233,2533.2,4.367912675
44.61104,-107.5228,2534.2,4.332558948
44.61145,-107.5224,2540.3,4.289006606
44.61185,-107.52209,2545.1,4.243521907
44.61229,-107.52184,2549.8,4.220960721
44.61265,-107.5217,2549,4.195989952
44.61305,-107.5216,2550.2,4.19378553
44.61339,-107.52158,2553.8,4.198545559
44.61409,-107.52161,2561.8,4.200465876
44.61489,-107.52175,2564.9,4.219753461
44.6157,-107.52189,2571.5,4.229395163
44.6165,-107.52202,2573.6,4.249997308
44.61731,-107.52216,2575,4.278921017
44.6177,-107.5222,2578.3,4.297475322
44.61799,-107.52217,2580.5,4.328781945
44.61819,-107.52206,2580.1,4.366772598
44.61844,-107.52182,2575.8,4.409137812
44.61863,-107.52147,2574,4.434379995
44.61873,-107.52107,2577.1,4.466247161
44.61874,-107.52076,2582.6,4.520449393
44.61872,-107.52046,2585.8,4.588279892
44.61866,-107.52026,2586.1,4.649662917
44.61849,-107.51987,2587.8,4.697098574
44.61801,-107.51917,2592.5,4.736156836
44.61754,-107.51847,2597.4,4.741074283
44.61725,-107.5179,2600.2,4.749389957
44.61709,-107.51736,2601.6,4.758539783
44.61701,-107.51671,2602.7,4.746994707
44.61704,-107.51587,2603.1,4.744433211
44.61709,-107.51484,2609.7,4.757864687
44.61715,-107.51381,2615.6,4.79174363
44.6172,-107.51278,2621.1,4.846177228
44.61726,-107.51175,2627.5,4.909445107
44.61732,-107.51072,2631.3,4.981424265
44.61737,-107.51017,2632.1,5.057303737
44.61746,-107.50985,2633.9,5.119971354
44.61764,-107.50947,2638,5.172819883
44.61787,-107.50911,2640.7,5.228795031
44.61837,-107.50845,2641.3,5.259861295
44.61886,-107.50778,2649.4,5.247889336
44.61899,-107.50751,2651,5.196109375
44.61908,-107.50719,2650.9,5.147112423
44.61912,-107.50693,2650.5,5.121959154
44.6191,-107.50654,2651,5.134359948
44.61904,-107.50628,2651.5,5.141467925
44.61894,-107.50602,2652,5.157265501
44.61879,-107.50577,2655.3,5.185295369
44.61844,-107.50532,2659.8,5.220481995
44.61828,-107.50505,2662.6,5.256592392
44.61814,-107.5047,2669.6,5.27694091
44.61807,-107.50434,2669.6,5.27790528
44.61808,-107.50377,2669.1,5.261417329
44.61817,-107.50339,2669.9,5.25015811
44.61834,-107.50307,2670.9,5.244489065
44.61848,-107.50286,2671,5.237326981
44.61873,-107.50267,2672.1,5.231222264
44.61894,-107.50255,2672,5.217584668
44.61958,-107.50233,2675.5,5.185004175
44.62035,-107.50211,2684.5,5.140535679
44.62111,-107.50189,2689.2,5.083249367
44.62188,-107.50167,2696.9,5.026530683
44.62264,-107.50145,2700.1,4.941661946
44.62341,-107.50122,2707.2,4.865851231
44.62417,-107.501,2711.4,4.795262216
44.62471,-107.50094,2718.5,4.718418851
44.62552,-107.5009,2717.6,4.629363088
44.62609,-107.50096,2720.3,4.535661618
44.62666,-107.50101,2720.5,4.437600755
44.62741,-107.50106,2719.5,4.343196272
44.62816,-107.50112,2719.5,4.267773185
44.62891,-107.50117,2719.7,4.192988045
44.62966,-107.50123,2723.6,4.128829725
44.63033,-107.50129,2727.6,4.115456906
44.631,-107.50136,2729.6,4.077062454
44.63167,-107.50143,2729.7,4.02562899
44.63247,-107.50153,2728.3,3.947979564
44.63327,-107.50162,2728.5,3.842920044
44.63407,-107.50172,2728.5,3.717360207
44.63487,-107.50182,2728.5,3.575547952
44.63567,-107.50191,2729.7,3.409426333
44.63647,-107.50201,2732.7,3.228055467
44.63727,-107.50211,2742.2,3.0397237
44.63791,-107.5022,2744.2,2.841780766
44.63833,-107.50231,2748.6,2.653859233
44.63879,-107.50253,2751.4,2.464033366
44.63925,-107.50285,2753.2,2.293366215
44.63972,-107.50316,2753.6,2.131577434
44.64001,-107.50339,2753.6,1.998992621
44.64047,-107.50368,2752.9,1.865358473
44.64082,-107.50385,2752,1.738686156
44.64143,-107.50403,2746.5,1.621208901
44.64195,-107.50408,2743.4,1.49221689
44.64257,-107.50403,2741.9,1.349847743
44.64314,-107.50384,2738.7,1.195563729
44.64355,-107.50361,2734,1.042421583
44.64417,-107.50316,2733.8,0.890825564
44.6448,-107.50268,2727.8,0.736073681
44.64542,-107.50221,2728.4,0.574799046
44.64605,-107.50173,2730.8,0.409458499
44.64681,-107.50114,2728.8,0.242228216
44.64757,-107.50054,2728,0.066965207
44.64833,-107.49995,2726.7,-0.110180928
44.64909,-107.49936,2727.1,-0.288486615
44.64985,-107.49877,2731.4,-0.463094877
44.65039,-107.49837,2733.4,-0.611930006
44.65092,-107.49797,2733.1,-0.756504578
44.65146,-107.49757,2733.2,-0.872711042
44.65215,-107.49711,2729.9,-0.969106713
44.6527,-107.49683,2728,-1.048754634
44.65325,-107.4966,2725.4,-1.12015015
44.65378,-107.49645,2722.6,-1.184567915
44.6545,-107.49631,2719.9,-1.241951187
44.65514,-107.49628,2713.3,-1.294803615
44.65599,-107.4963,2709.9,-1.352755755
44.65683,-107.49633,2708.2,-1.401608597
44.65768,-107.49636,2706.3,-1.451423519
44.65853,-107.49639,2703.9,-1.511512603
44.65938,-107.49641,2702.9,-1.59327318
44.66023,-107.49644,2702.2,-1.661897804
44.66107,-107.49647,2701,-1.743457869
44.66156,-107.49642,2698.7,-1.820666639
44.66205,-107.49637,2696.6,-1.887490796
44.66264,-107.49621,2695.6,-1.958268667
44.66318,-107.496,2693.1,-2.03390344
44.664,-107.49564,2690.2,-2.116460228
44.66485,-107.49523,2687.6,-2.19739357
44.66569,-107.49482,2684.3,-2.261397746
44.66653,-107.49441,2683.3,-2.305882732
44.66738,-107.494,2680,-2.339001999
44.66822,-107.49359,2677.3,-2.354623291
44.66906,-107.49318,2674.6,-2.360365404
44.66991,-107.49278,2673.6,-2.349585315
44.67074,-107.49237,2673.2,-2.332898352
44.67157,-107.49196,2672.1,-2.312768478
44.6724,-107.49155,2671.4,-2.283321156
44.67323,-107.49114,2668.5,-2.263524758
44.67401,-107.49076,2661.2,-2.244511766
44.6748,-107.49038,2659.7,-2.221751221
44.67558,-107.49,2659.4,-2.19700824
44.67637,-107.48962,2658.9,-2.172720464
44.67692,-107.48937,2654.8,-2.147592869
44.67748,-107.48912,2652.2,-2.121476898
44.67793,-107.48897,2650.5,-2.094113107
44.67853,-107.48881,2648.4,-2.071721581
44.67903,-107.48873,2647.4,-2.053982448
44.67955,-107.48872,2647.7,-2.035839968
44.68007,-107.4887,2648.9,-2.022333133
44.68055,-107.48875,2649.8,-2.011483713
44.68103,-107.48881,2650.3,-2.005168809
44.68162,-107.48894,2650.1,-2.003587336
44.68245,-107.48924,2650.6,-1.996558931
44.68311,-107.48959,2649.9,-1.98482848
44.68368,-107.48992,2648.6,-1.965820503
44.68416,-107.49026,2645.9,-1.937945177
44.68465,-107.49061,2644.6,-1.907269708
44.68538,-107.49115,2642.5,-1.863793604
44.68612,-107.49169,2638.6,-1.816666271
44.68685,-107.49223,2635.3,-1.760465624
44.68759,-107.49276,2632.9,-1.697883404
44.68833,-107.49329,2630.1,-1.649334224
44.68907,-107.49382,2627.6,-1.590180562
44.68981,-107.49435,2625.4,-1.529478159
44.69054,-107.49489,2624.2,-1.468501501
44.69128,-107.49542,2623.7,-1.433664327
44.69179,-107.49575,2623.3,-1.413676994
44.69231,-107.49609,2622.8,-1.415247509
44.6931,-107.49642,2622.3,-1.438898307
44.69384,-107.49667,2622.3,-1.470605054
44.69442,-107.49677,2622.2,-1.515092054
44.69501,-107.49687,2622.3,-1.562483178
44.69569,-107.49695,2623.7,-1.612685209
44.69638,-107.49704,2625.1,-1.663072266
44.69706,-107.49713,2625.4,-1.710460788
44.69775,-107.49722,2624.1,-1.750897485
44.69853,-107.49733,2621.6,-1.791224693
44.69932,-107.49745,2617.6,-1.830981016
44.7001,-107.49756,2616.9,-1.884449514
44.70089,-107.49768,2612.8,-1.945395772
44.70173,-107.49778,2610.9,-2.010279582
44.70256,-107.49789,2607,-2.084423442
44.7034,-107.49799,2601,-2.164011403
44.704,-107.49801,2598,-2.244827779
44.70461,-107.49803,2591.1,-2.324662381
44.70528,-107.49796,2586.2,-2.401429524
44.70595,-107.49789,2581,-2.474875282
44.70663,-107.49783,2579.2,-2.541328385
44.70732,-107.49772,2575.3,-2.597343783
44.70801,-107.49762,2574,-2.641917623
44.7087,-107.49752,2573.5,-2.67960214
44.70939,-107.49741,2569.7,-2.710573335
44.71009,-107.49744,2569.6,-2.730626679
44.71062,-107.49756,2568.8,-2.741426017
44.71115,-107.49768,2568.5,-2.735520225
44.71159,-107.49783,2567.9,-2.711515343
44.71203,-107.49798,2566.3,-2.669273162
44.71264,-107.49832,2563.5,-2.611568532
44.71329,-107.49884,2561.7,-2.546172386
44.71392,-107.49952,2558.9,-2.473146173
44.71447,-107.50019,2559.2,-2.40257552
44.71502,-107.50086,2560,-2.323413713
44.7154,-107.5011,2560.1,-2.244344607
44.7157,-107.50126,2560.5,-2.159829699
44.71596,-107.50136,2560.7,-2.073548835
44.7162,-107.5014,2560.8,-1.993197411
44.7168,-107.50139,2560.3,-1.915198648
44.71753,-107.50131,2559.2,-1.855992733
44.71826,-107.50123,2558.2,-1.808212154
44.71899,-107.50114,2556.8,-1.774992728
44.71972,-107.50106,2554.8,-1.745787823
44.72045,-107.50098,2552.2,-1.725122554
44.72086,-107.50096,2551.5,-1.705143024
44.72114,-107.501,2551.2,-1.68239279
44.72151,-107.50113,2550.4,-1.670762509
44.72182,-107.50129,2550,-1.659919914
44.72256,-107.50191,2546.3,-1.655731448
44.7233,-107.50253,2543.6,-1.661208358
44.72403,-107.50315,2541.1,-1.677248939
44.72477,-107.50377,2538.5,-1.701452676
44.72551,-107.50438,2537.1,-1.73130924
44.72624,-107.505,2534.5,-1.757939677
44.72698,-107.50562,2534.1,-1.782420338
44.72772,-107.50624,2533.1,-1.793490565
44.72799,-107.50638,2532.7,-1.792695497
44.72826,-107.50647,2532.4,-1.780482334
44.72893,-107.50655,2531.1,-1.753758531
44.72973,-107.50662,2530,-1.705706
44.73053,-107.50668,2528.9,-1.63768871
44.73133,-107.50674,2528.2,-1.541490253
44.73213,-107.50681,2527.3,-1.442494096
44.73293,-107.50687,2526.7,-1.339553474
44.73362,-107.50683,2526.2,-1.226411243
44.73441,-107.50669,2524.7,-1.115748295
44.73491,-107.50655,2523.6,-1.016700147
44.73541,-107.50641,2522.2,-0.923993183
44.73588,-107.50621,2521.5,-0.83670338
44.73635,-107.506,2521.1,-0.760041253
44.73681,-107.50573,2521.7,-0.692898536
44.73728,-107.50545,2524.2,-0.642124861
44.73778,-107.50508,2527.9,-0.605179455
44.73828,-107.50472,2530.6,-0.578677291
44.73883,-107.50416,2533.1,-0.562028851
44.73939,-107.50361,2534.3,-0.55369723
44.73995,-107.50306,2535,-0.556829012
44.74051,-107.50251,2534.7,-0.566863705
44.74113,-107.50192,2535.5,-0.585033088
44.74175,-107.50132,2536,-0.611116927
44.74237,-107.50073,2536.3,-0.644697875
44.74282,-107.50045,2534.5,-0.690019445
44.74319,-107.50033,2532.8,-0.744627694
44.74388,-107.5003,2524.7,-0.802935772
44.74425,-107.5004,2523.7,-0.864866339
44.74456,-107.50055,2522.5,-0.93219331
44.74532,-107.50096,2515.6,-1.004806832
44.74608,-107.50137,2511.5,-1.082475534
44.74684,-107.50178,2509.6,-1.166471477
44.74766,-107.50222,2506.8,-1.258940287
44.74849,-107.50265,2504,-1.363967233
44.74932,-107.50309,2502.4,-1.460303191
44.74998,-107.50342,2501.6,-1.546121154
44.75064,-107.50376,2501,-1.624164581
44.75139,-107.50416,2500.4,-1.6923067
44.75215,-107.50456,2498.7,-1.748964984
44.7529,-107.50497,2496.5,-1.793914616
44.75365,-107.50537,2494.7,-1.822051244
44.75441,-107.50577,2492.8,-1.832396095
44.75506,-107.50619,2491.5,-1.830335153
44.75571,-107.5066,2490.3,-1.81898729
44.7562,-107.50694,2489.3,-1.79221871
44.75683,-107.50746,2488.2,-1.751145842
44.75726,-107.50783,2488.2,-1.707028275
44.75768,-107.5082,2488.2,-1.660934753
44.75806,-107.50859,2487.1,-1.61392732
44.75844,-107.50899,2486.2,-1.56706179
44.75914,-107.5097,2485.2,-1.521388178
44.75985,-107.51041,2484.8,-1.477951112
44.76055,-107.51111,2484.8,-1.437790206
44.76126,-107.51182,2484.7,-1.401940412
44.76195,-107.51253,2485.6,-1.371432347
44.76265,-107.51324,2488.3,-1.347292597
44.76335,-107.5139,2483.7,-1.330543997
44.76374,-107.51425,2480.4,-1.322205895
44.76412,-107.51459,2478.2,-1.323294396
44.76484,-107.5152,2476.6,-1.33482259
44.76556,-107.51581,2477,-1.35780076
44.76629,-107.51642,2477.3,-1.393236582
44.76701,-107.51703,2475.6,-1.442135305
44.76756,-107.51743,2473,-1.505499922
44.7682,-107.51777,2471.3,-1.584331329
44.76897,-107.51801,2469.4,-1.679628468
44.7695,-107.51807,2467.4,-1.792388469
44.77003,-107.51806,2465.4,-1.923606773
